speed_kmh,distance_m
74,44.2
64,35.1
28,9.6
78,55.7
100,84.2
25,3.7
70,44.4
91,74.0
54,31.7
40,18.0
51,24.4
70,47.3
86,62.9
72,44.0
22,5.0
100,89.3
112,104.0
21,10.6
37,15.2
29,14.1
103,88.4
110,100.4
15,11.9
47,25.7
31,11.0
62,36.8
111,103.9
18,9.2
29,9.7
64,33.8
68,42.4
92,73.5
58,33.9
26,13.3
49,26.3
118,116.6
93,70.9
23,10.5
99,89.7
44,23.9
96,79.8
11,3.6
106,99.3
28,7.8
60,35.2
83,62.5
66,43.6
28,9.5
25,10.1
41,18.5
16,5.1
34,13.8
24,5.3
61,36.5
49,28.2
75,48.1
41,18.3
14,6.0
46,20.1
93,75.5
38,13.9
55,33.6
93,81.8
55,36.5
108,96.1
111,104.5
44,21.9
91,72.3
38,21.5
25,5.3
58,36.8
76,52.9
113,109.7
26,10.2
88,66.4
62,38.5
24,11.0
117,112.5
87,67.4
24,7.1
110,93.7
21,9.9
20,8.8
46,23.8
113,106.1
14,7.0
111,100.9
77,52.2
17,4.9
73,52.3
60,31.7
72,51.7
91,70.2
85,60.2
120,120.8
27,10.0
99,80.2
55,29.8
96,82.1
108,101.1
119,114.8
39,19.1
60,37.4
114,104.8
114,108.4
51,27.0
113,104.7
55,28.9
51,27.5
93,75.2
62,35.5
59,33.4
52,31.7
58,33.7
25,11.9
17,8.8
93,76.5
72,55.0
84,60.1
98,84.8
35,14.2
36,21.0
41,23.9
43,15.1
94,72.9
51,29.2
46,25.0
80,59.8
31,11.9
22,8.8
87,68.1
93,74.9
43,23.4
80,50.8
14,5.9
54,27.1
74,52.8
38,16.2
48,22.2
77,55.1
75,48.7
27,7.4
88,62.9
19,6.0
117,113.3
32,16.3
38,16.5
32,16.2
119,116.0
42,19.2
