hour,temperature
19.23,22.4
22.14,16.2
3.4,9.5
0.32,13.3
6.33,14.8
3.23,10.7
4.53,10.9
14.0,24.4
10.14,20.3
10.3,21.0
4.93,13.1
15.95,26.0
6.95,15.6
9.58,20.4
11.12,22.4
21.71,15.2
5.91,12.8
17.25,24.1
7.42,14.8
21.47,18.1
9.46,18.5
12.12,22.2
21.05,19.3
16.15,25.4
2.26,11.3
3.28,11.9
23.78,14.4
0.7,12.6
7.22,12.4
23.01,13.8
0.36,12.1
3.87,10.2
5.12,12.3
2.07,12.4
11.33,21.5
14.22,23.7
7.64,17.6
2.61,10.6
19.46,19.5
19.31,21.2
13.49,24.9
3.31,10.3
13.01,24.9
15.11,24.5
10.28,19.4
20.73,18.7
9.36,19.4
12.26,22.6
2.74,11.3
13.53,24.4
18.39,25.2
17.55,22.8
6.17,14.7
23.8,13.3
17.28,23.7
10.17,20.8
9.96,20.6
18.7,23.2
4.22,11.7
15.35,24.4
17.25,23.3
12.39,23.9
20.96,18.7
11.25,23.3
11.16,22.2
6.83,15.3
22.06,17.6
7.59,15.6
16.69,22.8
9.82,18.3
22.45,14.0
22.75,16.5
0.72,11.4
23.87,14.5
14.52,25.5
1.77,13.1
11.93,23.9
1.19,11.7
13.17,24.0
4.45,11.6
8.83,17.9
7.31,14.5
14.45,24.9
19.74,21.9
22.48,13.7
7.89,16.3
13.67,23.7
0.14,13.1
8.93,18.7
23.06,14.4
2.85,11.8
20.88,16.6
15.66,26.0
7.05,14.0
18.68,22.6
6.94,14.6
21.48,14.5
1.99,10.5
2.86,11.2
18.0,24.5
10.78,21.4
3.54,11.3
12.32,21.9
7.13,16.1
13.18,26.0
17.85,23.2
20.56,18.6
1.42,10.0
14.22,25.7
23.61,16.3
11.04,22.3
18.47,23.6
2.33,11.6
20.96,17.1
13.97,26.1
21.32,16.2
18.89,21.5
20.86,18.5
1.38,12.5
17.17,24.3
4.73,12.1
6.38,12.8
7.79,14.5
14.19,24.9
15.07,24.3
22.35,14.3
0.31,11.4
4.64,11.1
8.69,15.6
19.63,19.1
13.2,22.6
12.29,23.5
18.24,23.0
15.72,26.9
6.96,12.9
2.09,10.5
11.1,22.6
21.12,17.6
14.36,24.6
1.28,13.4
10.56,20.4
9.23,17.3
13.98,23.4
14.09,25.1
22.83,15.1
8.11,15.0
9.79,18.5
14.72,25.5
21.27,18.1
16.95,23.5
11.3,22.6
19.55,21.2
11.65,20.7
23.12,14.0
6.78,14.6
3.06,10.4
19.93,17.8
7.14,14.4
20.34,20.0
14.63,26.5
12.22,21.0
2.09,13.8
18.87,20.6
1.58,12.4
23.16,15.5
21.05,18.9
7.27,15.1
3.07,9.8
21.26,18.2
11.52,21.6
3.0,8.5
11.96,25.7
5.92,13.7
9.79,21.3
15.37,24.1
21.97,17.7
19.22,22.7
3.86,12.7
11.46,22.2
11.81,21.5
23.75,13.2
2.09,9.0
12.26,21.6
21.94,16.4
9.57,18.1
6.28,13.3
13.34,24.2
7.68,17.6
22.25,17.0
2.04,11.2
4.96,13.1
2.01,10.5
17.09,23.6
7.04,15.5
21.6,15.7
21.45,16.9
22.47,14.0
6.15,13.4
0.02,14.7
9.3,17.8
23.1,14.6
18.33,21.6
1.43,10.4
16.86,22.9
22.01,17.6
23.23,16.5
17.18,24.4
20.71,17.8
20.2,20.2
8.6,16.9
2.38,11.9
17.46,23.9
3.29,11.3
9.22,19.0
23.9,12.6
13.43,24.0
12.52,21.9
22.75,14.5
6.82,12.8
23.99,12.9
21.89,15.4
8.73,17.6
7.85,16.4
3.04,9.6
21.98,15.4
4.46,10.6
0.22,13.5
21.36,19.0
14.35,25.8
16.12,24.3
17.6,24.9
1.02,10.4
2.2,12.7
12.0,22.3
1.21,9.0
12.1,25.7
17.67,24.9
15.78,23.8
14.8,25.2
1.11,11.6
