size_m2,age_years,price
87,18,664
93,39,575
75,0,723
91,12,807
133,33,741
49,4,457
73,37,372
97,33,568
121,6,1071
118,24,849
127,22,842
53,28,363
62,12,497
77,15,571
74,10,577
131,12,1040
159,7,1270
122,36,692
44,35,283
76,14,573
136,28,819
151,20,1007
111,11,972
82,14,594
83,39,529
116,14,925
144,23,949
81,38,417
63,12,565
40,32,343
56,5,487
142,29,862
115,32,730
159,33,929
48,39,372
84,28,520
135,39,750
119,11,909
48,21,450
88,9,719
117,3,959
123,18,892
94,29,595
63,31,480
156,1,1425
96,38,540
126,10,1052
104,12,900
50,33,319
68,36,452
48,29,346
63,13,502
64,19,490
90,33,541
79,14,584
84,32,562
138,31,772
43,19,386
52,36,364
137,15,1025
104,30,617
93,26,609
72,13,601
105,21,767
67,24,478
143,21,1022
139,4,1197
79,40,450
43,39,204
147,1,1370
76,38,443
119,21,811
143,5,1290
136,33,825
144,17,933
99,29,631
141,33,765
95,22,714
72,2,776
98,33,566
80,28,529
132,36,728
140,11,1134
57,31,396
60,35,420
86,14,636
96,16,786
155,13,1153
153,0,1433
156,9,1319
128,13,1020
121,4,1035
72,31,434
85,17,622
40,23,306
140,11,1158
73,14,529
50,30,352
78,19,603
79,24,568
127,17,955
41,22,373
68,36,425
148,11,1216
143,21,1012
115,27,810
107,3,889
67,38,438
145,20,1007
131,10,1059
102,30,590
59,33,303
66,25,441
86,37,467
80,4,750
47,21,301
89,30,619
94,37,548
74,26,496
86,24,562
80,16,588
85,23,549
114,22,766
100,36,571
64,33,392
135,29,777
102,37,565
95,3,836
126,31,769
130,19,1012
142,30,888
137,12,1072
120,19,803
127,33,688
59,1,501
124,12,1015
71,20,493
71,34,436
54,11,442
88,33,535
42,10,435
119,12,914
130,22,874
133,26,827
55,35,379
117,35,630
141,10,1094
44,30,249
63,25,382
72,15,584
95,31,692
61,36,329
105,19,795
81,37,482
119,5,995
104,7,884
122,31,737
70,12,544
125,23,918
128,20,830
127,6,1110
48,30,339
154,30,912
109,6,957
73,10,645
92,32,569
102,36,598
102,35,623
70,20,433
72,15,627
84,18,717
134,7,1172
92,20,709
45,9,343
94,6,815
64,15,477
41,3,386
157,19,1156
75,28,464
104,26,681
83,39,390
46,35,289
148,25,965
152,36,822
62,18,451
90,32,628
85,11,645
60,21,402
119,39,615
134,24,939
131,20,1005
121,31,742
42,12,335
68,33,402
102,1,998
124,10,984
86,7,807
94,10,831
141,38,772
43,1,456
72,12,623
75,23,589
159,28,947
67,31,478
46,15,361
90,9,729
118,34,691
58,5,530
141,3,1229
64,9,484
125,20,846
59,38,412
146,29,976
64,23,488
128,21,939
141,28,864
71,25,483
51,13,437
110,4,946
100,8,807
98,31,603
134,25,860
96,32,541
100,2,939
98,36,556
95,15,767
89,37,508
59,24,412
75,22,544
72,33,439
70,25,455
134,27,838
54,6,520
65,24,481
103,14,851
78,3,649
69,5,606
85,19,606
100,11,828
121,31,719
157,5,1340
142,1,1352
92,40,510
94,13,706
90,20,699
69,8,635
154,8,1252
48,16,424
65,32,383
119,2,1145
111,33,644
73,40,383
152,22,1016
89,14,666
112,9,930
51,7,468
147,13,1140
52,34,310
87,0,688
146,31,875
153,27,899
148,1,1381
139,3,1298
68,29,455
44,27,298
94,13,745
48,34,300
155,8,1260
41,17,312
79,5,677
64,26,491
42,3,405
100,7,895
49,31,319
148,20,1039
123,26,784
84,29,558
141,24,965
136,8,1144
79,28,492
142,5,1208
152,11,1276
114,18,826
82,5,729
148,4,1359
153,26,1025
82,30,542
50,15,397
144,16,1171
120,8,1017
68,21,518
108,23,730
77,37,389
150,2,1317
81,36,489
64,40,381
45,14,371
81,29,475
159,33,863
66,26,440
