temperature,sales
25.3,129
23.9,135
12.8,99
10.1,25
11.8,82
-3.7,24
28.8,192
16.7,80
10.5,65
16.9,75
23.9,125
10.3,89
28.2,185
31.8,196
10.5,56
0.5,15
25.4,145
34.7,229
0.9,43
23.5,136
28.0,154
31.8,202
-0.1,42
-1.3,61
34.5,255
-0.3,41
2.1,35
18.0,102
12.9,69
25.0,137
2.6,46
31.6,185
3.7,58
25.8,152
-2.3,45
13.9,80
-3.7,29
7.6,45
7.5,55
23.8,131
13.2,83
-2.7,41
34.8,210
30.5,193
31.7,181
4.9,42
10.8,65
4.1,19
-0.0,44
-3.7,42
15.1,86
-0.1,37
2.1,40
29.4,168
14.4,81
2.3,38
21.8,128
5.6,36
16.1,97
6.3,58
15.6,89
20.1,109
16.4,103
10.8,45
26.6,167
29.9,190
2.2,50
0.5,49
-0.5,33
34.2,220
32.7,220
4.2,57
33.8,224
3.3,26
15.3,97
14.9,105
31.6,216
-3.4,44
7.6,36
19.0,123
-2.3,39
4.5,13
13.6,87
30.2,167
25.4,132
28.2,162
25.4,170
23.3,131
29.0,183
22.3,155
24.4,168
7.1,56
1.7,42
25.3,131
1.6,35
31.8,209
18.9,114
8.2,62
32.5,223
1.2,33
15.6,90
-1.3,53
33.6,228
18.0,120
27.1,170
6.3,51
27.1,169
23.1,120
20.7,95
33.0,222
12.3,75
11.6,78
22.7,107
28.4,168
8.4,53
21.8,113
3.4,15
17.1,93
25.8,167
-2.4,47
24.1,133
-4.4,40
33.3,228
13.7,41
11.4,70
23.8,148
15.9,103
24.2,168
-1.6,58
17.5,106
17.3,104
32.3,219
-3.4,32
13.1,79
20.2,130
17.0,128
-2.0,39
18.7,107
3.9,52
2.8,67
30.1,188
2.9,70
13.2,65
25.0,145
23.3,133
17.1,111
27.3,181
13.6,59
19.8,100
27.8,174
22.1,118
20.7,96
11.2,87
17.3,107
10.8,78
24.8,139
10.2,83
13.7,78
25.2,166
15.1,75
8.5,49
28.1,174
10.2,57
28.8,187
26.4,162
12.9,65
23.5,139
-3.6,35
10.6,83
29.4,173
18.2,98
17.3,118
21.6,158
22.1,158
18.3,106
11.8,77
2.3,69
6.7,55
6.7,42
12.2,77
35.0,238
9.1,51
12.9,54
9.9,45
18.3,115
32.9,201
30.6,190
10.1,70
5.7,63
30.4,185
14.8,94
22.4,117
-2.1,36
29.7,169
7.5,76
14.8,87
2.9,36
11.8,69
28.1,168
28.1,182
