hours,score
6.3,84
9.0,87
7.8,87
2.3,57
3.0,67
8.7,88
0.1,25
8.2,82
8.0,85
4.7,86
3.0,63
2.8,59
2.5,64
4.5,84
5.0,72
5.5,81
10.0,88
7.9,80
6.2,88
9.9,91
2.2,59
1.6,48
6.1,86
0.4,31
0.4,31
5.1,75
4.7,72
9.2,97
6.3,82
5.1,81
5.0,79
2.5,59
0.1,25
1.9,59
6.9,85
2.0,56
3.7,72
0.0,32
8.3,93
1.5,53
2.7,61
8.8,83
5.1,85
8.5,94
6.4,84
7.4,90
0.9,46
5.4,85
5.1,84
8.7,88
3.6,79
6.0,77
0.6,41
3.9,76
3.2,73
1.5,60
8.2,96
3.8,67
9.8,83
5.9,87
6.1,79
6.4,85
6.8,90
1.5,42
4.4,66
2.4,62
4.0,74
1.0,41
9.7,91
2.2,54
6.7,78
3.0,66
8.7,85
6.6,77
1.3,50
8.5,89
9.4,93
9.0,85
5.7,79
1.5,45
1.9,51
9.3,92
5.5,78
1.8,56
8.8,92
6.4,95
5.7,75
3.8,77
4.1,74
2.4,61
0.4,25
8.8,88
4.7,82
5.5,81
3.2,69
7.5,86
0.3,36
3.7,72
0.3,20
1.2,43
9.7,81
6.6,69
4.3,73
5.2,87
8.7,90
3.4,64
5.9,78
6.8,92
3.6,72
5.2,80
7.7,88
9.1,91
1.5,55
9.3,94
0.1,27
7.5,82
8.1,91
1.4,45
4.2,81
8.2,83
0.1,27
6.3,84
7.9,82
5.1,89
7.3,94
2.3,57
2.0,60
3.6,73
1.8,41
3.5,71
9.5,91
5.7,83
3.4,64
2.7,63
9.5,90
4.4,82
9.8,93
5.2,80
5.2,88
9.0,87
7.4,86
5.8,74
4.3,83
8.8,95
4.1,79
9.2,94
0.7,39
4.3,77
5.2,79
9.5,90
